"","Replicate.Name","Total.Area","Molecule.Name","BMIS_used","Final_Peak","Temperature.Treatment","B12.Treatment","cells_on_column","mgC_cell","culture_replicate_no","mgC_loaded","Below_LOD","Below_LOQ","est_fmol_on_column","molecule_LOD","molecule_LOQ","reccomended_norm","Cal_done","fmol_cell","fmol_mgC","peak_cell"
"1","06",16010408,"Proline","B1",236.934988826898,6,"+",39700,1.17269e-08,1,0.00046555793,FALSE,FALSE,91.512306767393,FALSE,FALSE,"abs quant","Y",0.00230509588834743,196564.811531388,0.0059681357387128
"2","06",16019023,"Proline","B1",219.195454358862,6,"+",39700,1.17269e-08,1,0.00046555793,FALSE,FALSE,84.660698534319,FALSE,FALSE,"abs quant","Y",0.00213251129809368,181847.828334315,0.00552129607956831
"3","06",17462698,"Proline","B1",245.221282929843,6,"+",39700,1.17269e-08,1,0.00046555793,FALSE,FALSE,94.7127538253306,FALSE,FALSE,"abs quant","Y",0.0023857116832577,203439.245091004,0.00617685851208673
"4","15",17982558,"Proline","B1",554.025448271613,6,"-",39900,1.05261e-08,1,0.00041999139,FALSE,FALSE,213.983367463786,FALSE,FALSE,"abs quant","Y",0.00536299166575905,509494.652887493,0.0138853495807422
"5","15",15753014,"Proline","B1",439.635353873632,6,"-",39900,1.05261e-08,1,0.00041999139,FALSE,FALSE,169.802043879928,FALSE,FALSE,"abs quant","Y",0.00425569032280521,404298.868793305,0.0110184299216449
"6","15",17439968,"Proline","B1",566.93218906443,6,"-",39900,1.05261e-08,1,0.00041999139,FALSE,FALSE,218.968387315212,FALSE,FALSE,"abs quant","Y",0.00548792950664692,521363.991093275,0.0142088267935947
"7","16",44849124,"Proline","B1",1244.21916440104,6,"-",39500,1.34888e-08,1,0.0005328076,FALSE,FALSE,480.55952572595,FALSE,FALSE,"abs quant","Y",0.0121660639424291,901938.196313172,0.0314992193519251
"8","16",43234872,"Proline","B1",1186.98857895893,6,"-",39500,1.34888e-08,1,0.0005328076,FALSE,FALSE,458.455137862482,FALSE,FALSE,"abs quant","Y",0.0116064591863919,860451.57363086,0.0300503437711121
"9","16",31274740,"Proline","B1",1210.88508595323,6,"-",39500,1.34888e-08,1,0.0005328076,FALSE,FALSE,467.684777138466,FALSE,FALSE,"abs quant","Y",0.0118401209402143,877774.22307502,0.0306553186317273
"10","24",19311902,"Proline","B1",458.671432642979,6,"+",40200,1.17269e-08,1,0.00047142138,FALSE,FALSE,177.154421376446,FALSE,FALSE,"abs quant","Y",0.00440682640239916,375787.8384227,0.0114097371304224
"11","24",23274362,"Proline","B1",577.699612787927,6,"+",40200,1.17269e-08,1,0.00047142138,FALSE,FALSE,223.127130554266,FALSE,FALSE,"abs quant","Y",0.0055504261331907,473307.193989093,0.014370637134028
"12","24",19600672,"Proline","B1",473.343282861214,6,"+",40200,1.17269e-08,1,0.00047142138,FALSE,FALSE,182.82118619098,FALSE,FALSE,"abs quant","Y",0.00454779070126817,387808.432004039,0.0117747085288859
"13","27",26839850,"Proline","B1",616.85206039852,6,"-",41500,1.01239e-08,1,0.00042014185,FALSE,FALSE,238.249130112771,FALSE,FALSE,"abs quant","Y",0.00574094289428365,567068.313029924,0.0148639050698439
"14","27",27071626,"Proline","B1",546.008067606543,6,"-",41500,1.01239e-08,1,0.00042014185,FALSE,FALSE,210.886783871276,FALSE,FALSE,"abs quant","Y",0.00508160924991027,501941.865280205,0.0131568209061818
"15","27",27147116,"Proline","B1",608.079831556312,6,"-",41500,1.01239e-08,1,0.00042014185,FALSE,FALSE,234.860998622287,FALSE,FALSE,"abs quant","Y",0.00565930117162138,559004.056897182,0.0146525260615979
"16","28",15999569,"Proline","B1",628.839720158786,6,"+",47400,1.08017e-08,1,0.00051200058,FALSE,FALSE,242.879169782455,FALSE,FALSE,"abs quant","Y",0.00512403311777332,474372.841105874,0.0132666607628436
"17","28",17089442,"Proline","B1",705.41740279039,6,"+",47400,1.08017e-08,1,0.00051200058,FALSE,FALSE,272.456060976179,FALSE,FALSE,"abs quant","Y",0.00574801816405442,532140.141279097,0.014882223687561
"18","28",18726236,"Proline","B1",718.19575055611,6,"+",47400,1.08017e-08,1,0.00051200058,FALSE,FALSE,277.391491097778,FALSE,FALSE,"abs quant","Y",0.00585214116240038,541779.642315597,0.0151518090834622
"19","06",2511938,"GBT","B1",37.1736936350317,6,"+",39700,1.17269e-08,1,0.00046555793,FALSE,FALSE,97.6991764782525,FALSE,FALSE,"abs quant","Y",0.00246093643522047,209853.962702885,0.000936365078968054
"20","06",3067862,"GBT","B1",41.9789274914136,6,"+",39700,1.17269e-08,1,0.00046555793,FALSE,FALSE,110.328198365696,FALSE,FALSE,"abs quant","Y",0.00277904781777571,236980.601674416,0.00105740371514896
"21","06",2862916,"GBT","B1",40.2027186429253,6,"+",39700,1.17269e-08,1,0.00046555793,FALSE,FALSE,105.660000917941,FALSE,FALSE,"abs quant","Y",0.00266146098030077,226953.49839265,0.00101266293810895
"22","15",1474506,"GBT","B1",45.428122496765,6,"-",39900,1.05261e-08,1,0.00041999139,FALSE,FALSE,119.393305396603,FALSE,FALSE,"abs quant","Y",0.00299231341846124,284275.602403667,0.00113854943600915
"23","15",1211366,"GBT","B1",33.8068207189105,6,"-",39900,1.05261e-08,1,0.00041999139,FALSE,FALSE,88.8504267564332,FALSE,FALSE,"abs quant","Y",0.00222682773825647,211552.97197029,0.000847288739822318
"24","15",1154027,"GBT","B1",37.5146934529614,6,"-",39900,1.05261e-08,1,0.00041999139,FALSE,FALSE,98.5953855479794,FALSE,FALSE,"abs quant","Y",0.00247106229443557,234755.730463854,0.000940217881026603
"25","16",2032662,"GBT","B1",56.3907784497586,6,"-",39500,1.34888e-08,1,0.0005328076,FALSE,FALSE,148.205143927832,FALSE,FALSE,"abs quant","Y",0.00375202896019827,278158.839941157,0.00142761464429769
"26","16",2054130,"GBT","B1",56.39495936745,6,"-",39500,1.34888e-08,1,0.0005328076,FALSE,FALSE,148.216132134153,FALSE,FALSE,"abs quant","Y",0.00375230714263678,278179.463157344,0.00142772049031519
"27","16",1714850,"GBT","B1",66.3949976769398,6,"-",39500,1.34888e-08,1,0.0005328076,FALSE,FALSE,174.498037752147,FALSE,FALSE,"abs quant","Y",0.0044176718418265,327506.660475839,0.00168088601713772
"28","24",4079582,"GBT","B1",96.8929792893787,6,"+",40200,1.17269e-08,1,0.00047142138,FALSE,FALSE,254.652238113238,FALSE,FALSE,"abs quant","Y",0.00633463278888652,540179.654374687,0.00241027311665121
"29","24",5389249,"GBT","B1",133.76809471803,6,"+",40200,1.17269e-08,1,0.00047142138,FALSE,FALSE,351.566697173735,FALSE,FALSE,"abs quant","Y",0.00874544022820238,745758.915672716,0.00332756454522463
"30","24",3797093,"GBT","B1",91.6972880291724,6,"+",40200,1.17269e-08,1,0.00047142138,FALSE,FALSE,240.99702369357,FALSE,FALSE,"abs quant","Y",0.00599495083814851,511213.606166038,0.0022810270654023
"31","27",1626440,"GBT","B1",37.379972880421,6,"-",41500,1.01239e-08,1,0.00042014185,FALSE,FALSE,98.2413155671725,FALSE,FALSE,"abs quant","Y",0.00236726061607645,233828.921273071,0.000900722238082435
"32","27",1906272,"GBT","B1",38.4476311490289,6,"-",41500,1.01239e-08,1,0.00042014185,FALSE,FALSE,101.047314202317,FALSE,FALSE,"abs quant","Y",0.00243487504101969,240507.614755153,0.000926448943350093
"33","27",1979150,"GBT","B1",44.3318251052773,6,"-",41500,1.01239e-08,1,0.00042014185,FALSE,FALSE,116.512037977359,FALSE,FALSE,"abs quant","Y",0.00280751898740623,277315.954069699,0.00106823674952475
"34","28",3145501,"GBT","B1",123.62932830248,6,"+",47400,1.08017e-08,1,0.00051200058,FALSE,FALSE,324.920189053511,FALSE,FALSE,"abs quant","Y",0.0068548563091458,634609.025352102,0.00260821367726751
"35","28",3961959,"GBT","B1",163.541608189548,6,"+",47400,1.08017e-08,1,0.00051200058,FALSE,FALSE,429.816864498788,FALSE,FALSE,"abs quant","Y",0.00906786633963689,839485.112494967,0.00345024489851368
"36","28",3394248,"GBT","B1",130.177494822428,6,"+",47400,1.08017e-08,1,0.00051200058,FALSE,FALSE,342.129952568604,FALSE,FALSE,"abs quant","Y",0.00721793148878912,668221.80664054,0.0027463606502622
"37","06",1021846,"DMSP","none",1021846,6,"+",39700,1.17269e-08,1,0.00046555793,FALSE,FALSE,142.70871021079,FALSE,FALSE,"abs quant","Y",0.00359467783906273,306532.659020093,25.73919395466
"38","06",992049,"DMSP","none",992049,6,"+",39700,1.17269e-08,1,0.00046555793,FALSE,FALSE,138.547328321395,FALSE,FALSE,"abs quant","Y",0.00348985713655907,297594.17549046,24.9886397984887
"39","06",932232,"DMSP","none",932232,6,"+",39700,1.17269e-08,1,0.00046555793,FALSE,FALSE,130.193420865009,FALSE,FALSE,"abs quant","Y",0.00327943125604556,279650.313044842,23.4819143576826
"40","15",1262863,"DMSP","none",1262863,6,"-",39900,1.05261e-08,1,0.00041999139,FALSE,FALSE,176.36860143596,FALSE,FALSE,"abs quant","Y",0.00442026570014936,419933.850158118,31.650701754386
"41","15",1200197,"DMSP","none",1200197,6,"-",39900,1.05261e-08,1,0.00041999139,FALSE,FALSE,167.616809058175,FALSE,FALSE,"abs quant","Y",0.00420092253278635,399095.822079055,30.0801253132832
"42","15",1237675,"DMSP","none",1237675,6,"-",39900,1.05261e-08,1,0.00041999139,FALSE,FALSE,172.850902102802,FALSE,FALSE,"abs quant","Y",0.00433210280959404,411558.203854613,31.0194235588972
"43","16",1450031,"DMSP","none",1450031,6,"-",39500,1.34888e-08,1,0.0005328076,FALSE,FALSE,202.508062639246,FALSE,FALSE,"abs quant","Y",0.00512678639593027,380077.278625991,36.7096455696202
"44","16",1961558,"DMSP","none",1961558,6,"-",39500,1.34888e-08,1,0.0005328076,FALSE,FALSE,273.94677102387,FALSE,FALSE,"abs quant","Y",0.00693536129174355,514157.025958095,49.6596962025316
"45","16",1339853,"DMSP","none",1339853,6,"-",39500,1.34888e-08,1,0.0005328076,FALSE,FALSE,187.120851382751,FALSE,FALSE,"abs quant","Y",0.00473723674386711,351197.78956372,33.920329113924
"46","24",1818258,"DMSP","none",1818258,6,"+",40200,1.17269e-08,1,0.00047142138,FALSE,FALSE,253.933815868978,FALSE,FALSE,"abs quant","Y",0.00631676158878054,538655.705154861,45.2302985074627
"47","24",298558,"DMSP","none",0,6,"+",40200,1.17269e-08,1,0.00047142138,TRUE,TRUE,-1.87672813033744e-14,FALSE,FALSE,"abs quant","Y",-4.66847793616277e-19,-3.98099918662458e-11,0
"48","24",1576387,"DMSP","none",1576387,6,"+",40200,1.17269e-08,1,0.00047142138,FALSE,FALSE,220.154656927812,FALSE,FALSE,"abs quant","Y",0.00547648400317941,467001.850717531,39.2136069651741
"49","27",1551111,"DMSP","none",1551111,6,"-",41500,1.01239e-08,1,0.00042014185,FALSE,FALSE,216.624667712913,FALSE,FALSE,"abs quant","Y",0.00521987151115453,515598.88098011,37.3761686746988
"50","27",1347679,"DMSP","none",1347679,6,"-",41500,1.01239e-08,1,0.00042014185,FALSE,FALSE,188.213812911307,FALSE,FALSE,"abs quant","Y",0.00453527260027247,447976.827138995,32.4741927710843
"51","27",1468024,"DMSP","none",1468024,6,"-",41500,1.01239e-08,1,0.00042014185,FALSE,FALSE,205.020924482246,FALSE,FALSE,"abs quant","Y",0.00494026324053606,487980.248771329,35.3740722891566
"52","28",1261036,"DMSP","none",1261036,6,"+",47400,1.08017e-08,1,0.00051200058,FALSE,FALSE,176.113446732066,FALSE,FALSE,"abs quant","Y",0.00371547355974822,343971.185993707,26.604135021097
"53","28",997996,"DMSP","none",997996,6,"+",47400,1.08017e-08,1,0.00051200058,FALSE,FALSE,139.377872943211,FALSE,FALSE,"abs quant","Y",0.00294046145449812,272222.099715611,21.0547679324895
"54","28",883169,"DMSP","none",883169,6,"+",47400,1.08017e-08,1,0.00051200058,FALSE,FALSE,123.341392820595,FALSE,FALSE,"abs quant","Y",0.00260213908904209,240900.884957191,18.6322573839662
"55","06",15932245,"Homarine","B1",235.778269427138,6,"+",39700,1.17269e-08,1,0.00046555793,FALSE,FALSE,32.9330025254045,FALSE,FALSE,"abs quant","Y",0.000829546663108426,70738.7854512639,0.00593899922990272
"56","06",17501408,"Homarine","B1",239.4795911386,6,"+",39700,1.17269e-08,1,0.00046555793,FALSE,FALSE,33.4499951963876,FALSE,FALSE,"abs quant","Y",0.000842569148523617,71849.2652383509,0.00603223151482619
"57","06",16022688,"Homarine","B1",224.999831489075,6,"+",39700,1.17269e-08,1,0.00046555793,FALSE,FALSE,31.4274934524242,FALSE,FALSE,"abs quant","Y",0.000791624520212197,67505.0115727257,0.00566750205262153
"58","15",14382237,"Homarine","B1",443.102994639226,6,"-",39900,1.05261e-08,1,0.00041999139,FALSE,FALSE,61.8916750764322,FALSE,FALSE,"abs quant","Y",0.00155116980141434,147364.152099481,0.0111053382115094
"59","15",15281667,"Homarine","B1",426.480994641661,6,"-",39900,1.05261e-08,1,0.00041999139,FALSE,FALSE,59.5699497994289,FALSE,FALSE,"abs quant","Y",0.00149298119798068,141836.121448654,0.0106887467328737
"60","15",16254886,"Homarine","B1",528.407970873155,6,"-",39900,1.05261e-08,1,0.00041999139,FALSE,FALSE,73.8068910315214,FALSE,FALSE,"abs quant","Y",0.0018497967677073,175734.295485251,0.0132433075406806
"61","16",68129680,"Homarine","B1",1890.07601398213,6,"-",39500,1.34888e-08,1,0.0005328076,FALSE,FALSE,264.001760183059,FALSE,FALSE,"abs quant","Y",0.00668358886539391,495491.731317382,0.0478500256704338
"62","16",30189402,"Homarine","B1",828.832692730068,6,"-",39500,1.34888e-08,1,0.0005328076,FALSE,FALSE,115.769571254964,FALSE,FALSE,"abs quant","Y",0.00293087522164465,217282.131964641,0.020983106145065
"63","16",32215794,"Homarine","B1",1247.32050487843,6,"-",39500,1.34888e-08,1,0.0005328076,FALSE,FALSE,174.223050482794,FALSE,FALSE,"abs quant","Y",0.0044107101388049,326990.550590483,0.0315777343007197
"64","24",12419924,"Homarine","B1",294.982044461334,6,"+",40200,1.17269e-08,1,0.00047142138,FALSE,FALSE,41.2024587286921,FALSE,FALSE,"abs quant","Y",0.00102493678429582,87400.4881337627,0.00733786180252074
"65","24",41355732,"Homarine","B1",1026.50248212867,6,"+",40200,1.17269e-08,1,0.00047142138,FALSE,FALSE,143.379663097937,FALSE,FALSE,"abs quant","Y",0.00356665828601832,304143.318866736,0.0255348876151411
"66","24",12760956,"Homarine","B1",308.168658987177,6,"+",40200,1.17269e-08,1,0.00047142138,FALSE,FALSE,43.0443367377904,FALSE,FALSE,"abs quant","Y",0.00107075464521867,91307.5616930875,0.00766588703948201
"67","27",17734098,"Homarine","B1",407.577348256763,6,"-",41500,1.01239e-08,1,0.00042014185,FALSE,FALSE,56.9295290530819,FALSE,FALSE,"abs quant","Y",0.00137179588079715,135500.733985633,0.0098211409218497
"68","27",16476342,"Homarine","B1",332.311611302717,6,"-",41500,1.01239e-08,1,0.00042014185,FALSE,FALSE,46.4165724892455,FALSE,FALSE,"abs quant","Y",0.00111847162624688,110478.336041138,0.00800750870608956
"69","27",17692658,"Homarine","B1",396.305393781919,6,"-",41500,1.01239e-08,1,0.00042014185,FALSE,FALSE,55.3550866496823,FALSE,FALSE,"abs quant","Y",0.0013338575096309,131753.327238604,0.0095495275610101
"70","28",10059414,"Homarine","B1",395.370593090437,6,"+",47400,1.08017e-08,1,0.00051200058,FALSE,FALSE,55.2245156958446,FALSE,FALSE,"abs quant","Y",0.00116507417079841,107860.260032996,0.00834115175296282
"71","28",14814035,"Homarine","B1",611.493230413605,6,"+",47400,1.08017e-08,1,0.00051200058,FALSE,FALSE,85.4120617239593,FALSE,FALSE,"abs quant","Y",0.00180194223046328,166820.24407855,0.0129007010635782
"72","28",13935031,"Homarine","B1",534.441627675079,6,"+",47400,1.08017e-08,1,0.00051200058,FALSE,FALSE,74.6496592610871,FALSE,FALSE,"abs quant","Y",0.00157488732618327,145799.950580304,0.0112751398243687
"73","06",289933,"HMP","none",289933,6,"+",39700,1.17269e-08,1,0.00046555793,FALSE,TRUE,NA,FALSE,TRUE,"rel quant","Y",NA,NA,7.30309823677582
"74","06",315855,"HMP","none",315855,6,"+",39700,1.17269e-08,1,0.00046555793,FALSE,TRUE,NA,FALSE,TRUE,"rel quant","Y",NA,NA,7.95604534005038
"75","06",174482,"HMP","none",0,6,"+",39700,1.17269e-08,1,0.00046555793,TRUE,TRUE,NA,FALSE,TRUE,"rel quant","Y",NA,NA,0
"76","15",114295,"HMP","none",0,6,"-",39900,1.05261e-08,1,0.00041999139,TRUE,TRUE,NA,FALSE,TRUE,"rel quant","Y",NA,NA,0
"77","15",183201,"HMP","none",0,6,"-",39900,1.05261e-08,1,0.00041999139,TRUE,TRUE,NA,FALSE,TRUE,"rel quant","Y",NA,NA,0
"78","15",210465,"HMP","none",0,6,"-",39900,1.05261e-08,1,0.00041999139,TRUE,TRUE,NA,FALSE,TRUE,"rel quant","Y",NA,NA,0
"79","16",165627,"HMP","none",0,6,"-",39500,1.34888e-08,1,0.0005328076,TRUE,TRUE,NA,FALSE,TRUE,"rel quant","Y",NA,NA,0
"80","16",263788,"HMP","none",0,6,"-",39500,1.34888e-08,1,0.0005328076,TRUE,TRUE,NA,FALSE,TRUE,"rel quant","Y",NA,NA,0
"81","16",206996,"HMP","none",0,6,"-",39500,1.34888e-08,1,0.0005328076,TRUE,TRUE,NA,FALSE,TRUE,"rel quant","Y",NA,NA,0
"82","24",289257,"HMP","none",289257,6,"+",40200,1.17269e-08,1,0.00047142138,FALSE,TRUE,NA,FALSE,TRUE,"rel quant","Y",NA,NA,7.19544776119403
"83","24",214244,"HMP","none",0,6,"+",40200,1.17269e-08,1,0.00047142138,TRUE,TRUE,NA,FALSE,TRUE,"rel quant","Y",NA,NA,0
"84","24",319483,"HMP","none",319483,6,"+",40200,1.17269e-08,1,0.00047142138,FALSE,TRUE,NA,FALSE,TRUE,"rel quant","Y",NA,NA,7.94733830845771
"85","27",261045,"HMP","none",0,6,"-",41500,1.01239e-08,1,0.00042014185,TRUE,TRUE,NA,FALSE,TRUE,"rel quant","Y",NA,NA,0
"86","27",240479,"HMP","none",0,6,"-",41500,1.01239e-08,1,0.00042014185,TRUE,TRUE,NA,FALSE,TRUE,"rel quant","Y",NA,NA,0
"87","27",91933,"HMP","none",0,6,"-",41500,1.01239e-08,1,0.00042014185,TRUE,TRUE,NA,FALSE,TRUE,"rel quant","Y",NA,NA,0
"88","28",219254,"HMP","none",0,6,"+",47400,1.08017e-08,1,0.00051200058,TRUE,TRUE,NA,FALSE,TRUE,"rel quant","Y",NA,NA,0
"89","28",291566,"HMP","none",291566,6,"+",47400,1.08017e-08,1,0.00051200058,FALSE,TRUE,NA,FALSE,TRUE,"rel quant","Y",NA,NA,6.15118143459916
"90","28",304775,"HMP","none",304775,6,"+",47400,1.08017e-08,1,0.00051200058,FALSE,TRUE,NA,FALSE,TRUE,"rel quant","Y",NA,NA,6.4298523206751
"91","06",7033,"HET","none",0,6,"+",39700,1.17269e-08,1,0.00046555793,TRUE,TRUE,NA,TRUE,TRUE,"no quant","Y",NA,NA,NA
"92","06",6774,"HET","none",0,6,"+",39700,1.17269e-08,1,0.00046555793,TRUE,TRUE,NA,TRUE,TRUE,"no quant","Y",NA,NA,NA
"93","06",7580,"HET","none",0,6,"+",39700,1.17269e-08,1,0.00046555793,TRUE,TRUE,NA,TRUE,TRUE,"no quant","Y",NA,NA,NA
"94","15",8144,"HET","none",0,6,"-",39900,1.05261e-08,1,0.00041999139,TRUE,TRUE,NA,TRUE,TRUE,"no quant","Y",NA,NA,NA
"95","15",8571,"HET","none",0,6,"-",39900,1.05261e-08,1,0.00041999139,TRUE,TRUE,NA,TRUE,TRUE,"no quant","Y",NA,NA,NA
"96","15",4354,"HET","none",0,6,"-",39900,1.05261e-08,1,0.00041999139,TRUE,TRUE,NA,TRUE,TRUE,"no quant","Y",NA,NA,NA
"97","16",2382,"HET","none",0,6,"-",39500,1.34888e-08,1,0.0005328076,TRUE,TRUE,NA,TRUE,TRUE,"no quant","Y",NA,NA,NA
"98","16",8739,"HET","none",0,6,"-",39500,1.34888e-08,1,0.0005328076,TRUE,TRUE,NA,TRUE,TRUE,"no quant","Y",NA,NA,NA
"99","16",3552,"HET","none",0,6,"-",39500,1.34888e-08,1,0.0005328076,TRUE,TRUE,NA,TRUE,TRUE,"no quant","Y",NA,NA,NA
"100","24",5646,"HET","none",0,6,"+",40200,1.17269e-08,1,0.00047142138,TRUE,TRUE,NA,TRUE,TRUE,"no quant","Y",NA,NA,NA
"101","24",7989,"HET","none",0,6,"+",40200,1.17269e-08,1,0.00047142138,TRUE,TRUE,NA,TRUE,TRUE,"no quant","Y",NA,NA,NA
"102","24",3901,"HET","none",0,6,"+",40200,1.17269e-08,1,0.00047142138,TRUE,TRUE,NA,TRUE,TRUE,"no quant","Y",NA,NA,NA
"103","27",5138,"HET","none",0,6,"-",41500,1.01239e-08,1,0.00042014185,TRUE,TRUE,NA,TRUE,TRUE,"no quant","Y",NA,NA,NA
"104","27",3926,"HET","none",0,6,"-",41500,1.01239e-08,1,0.00042014185,TRUE,TRUE,NA,TRUE,TRUE,"no quant","Y",NA,NA,NA
"105","27",2377,"HET","none",0,6,"-",41500,1.01239e-08,1,0.00042014185,TRUE,TRUE,NA,TRUE,TRUE,"no quant","Y",NA,NA,NA
"106","28",9110,"HET","none",0,6,"+",47400,1.08017e-08,1,0.00051200058,TRUE,TRUE,NA,TRUE,TRUE,"no quant","Y",NA,NA,NA
"107","28",8997,"HET","none",0,6,"+",47400,1.08017e-08,1,0.00051200058,TRUE,TRUE,NA,TRUE,TRUE,"no quant","Y",NA,NA,NA
"108","28",9047,"HET","none",0,6,"+",47400,1.08017e-08,1,0.00051200058,TRUE,TRUE,NA,TRUE,TRUE,"no quant","Y",NA,NA,NA
"109","06",59710,"Methionine","B1",0,6,"+",39700,1.17269e-08,1,0.00046555793,TRUE,TRUE,NA,TRUE,TRUE,"no quant","Y",NA,NA,NA
"110","06",93282,"Methionine","B1",0,6,"+",39700,1.17269e-08,1,0.00046555793,TRUE,TRUE,NA,TRUE,TRUE,"no quant","Y",NA,NA,NA
"111","06",94498,"Methionine","B1",0,6,"+",39700,1.17269e-08,1,0.00046555793,TRUE,TRUE,NA,TRUE,TRUE,"no quant","Y",NA,NA,NA
"112","15",36598,"Methionine","B1",0,6,"-",39900,1.05261e-08,1,0.00041999139,TRUE,TRUE,NA,TRUE,TRUE,"no quant","Y",NA,NA,NA
"113","15",16576,"Methionine","B1",0,6,"-",39900,1.05261e-08,1,0.00041999139,TRUE,TRUE,NA,TRUE,TRUE,"no quant","Y",NA,NA,NA
"114","15",33251,"Methionine","B1",0,6,"-",39900,1.05261e-08,1,0.00041999139,TRUE,TRUE,NA,TRUE,TRUE,"no quant","Y",NA,NA,NA
"115","16",1010803,"Methionine","B1",28.0420296288076,6,"-",39500,1.34888e-08,1,0.0005328076,FALSE,FALSE,NA,TRUE,TRUE,"no quant","Y",NA,NA,NA
"116","16",28738,"Methionine","B1",0,6,"-",39500,1.34888e-08,1,0.0005328076,TRUE,TRUE,NA,TRUE,TRUE,"no quant","Y",NA,NA,NA
"117","16",64972,"Methionine","B1",0,6,"-",39500,1.34888e-08,1,0.0005328076,TRUE,TRUE,NA,TRUE,TRUE,"no quant","Y",NA,NA,NA
"118","24",57802,"Methionine","B1",0,6,"+",40200,1.17269e-08,1,0.00047142138,TRUE,TRUE,NA,TRUE,TRUE,"no quant","Y",NA,NA,NA
"119","24",839163,"Methionine","B1",20.829105440826,6,"+",40200,1.17269e-08,1,0.00047142138,FALSE,FALSE,NA,TRUE,TRUE,"no quant","Y",NA,NA,NA
"120","24",21029,"Methionine","B1",0,6,"+",40200,1.17269e-08,1,0.00047142138,TRUE,TRUE,NA,TRUE,TRUE,"no quant","Y",NA,NA,NA
"121","27",38279,"Methionine","B1",0,6,"-",41500,1.01239e-08,1,0.00042014185,TRUE,TRUE,NA,TRUE,TRUE,"no quant","Y",NA,NA,NA
"122","27",14299,"Methionine","B1",0,6,"-",41500,1.01239e-08,1,0.00042014185,TRUE,TRUE,NA,TRUE,TRUE,"no quant","Y",NA,NA,NA
"123","27",15848,"Methionine","B1",0,6,"-",41500,1.01239e-08,1,0.00042014185,TRUE,TRUE,NA,TRUE,TRUE,"no quant","Y",NA,NA,NA
"124","28",31701,"Methionine","B1",0,6,"+",47400,1.08017e-08,1,0.00051200058,TRUE,TRUE,NA,TRUE,TRUE,"no quant","Y",NA,NA,NA
"125","28",22814,"Methionine","B1",0,6,"+",47400,1.08017e-08,1,0.00051200058,TRUE,TRUE,NA,TRUE,TRUE,"no quant","Y",NA,NA,NA
"126","28",39479,"Methionine","B1",0,6,"+",47400,1.08017e-08,1,0.00051200058,TRUE,TRUE,NA,TRUE,TRUE,"no quant","Y",NA,NA,NA
"127","06",4173,"FAMP","none",0,6,"+",39700,1.17269e-08,1,0.00046555793,TRUE,TRUE,NA,TRUE,TRUE,"no quant","Y",NA,NA,NA
"128","06",8966,"FAMP","none",0,6,"+",39700,1.17269e-08,1,0.00046555793,TRUE,TRUE,NA,TRUE,TRUE,"no quant","Y",NA,NA,NA
"129","06",24894,"FAMP","none",0,6,"+",39700,1.17269e-08,1,0.00046555793,TRUE,TRUE,NA,TRUE,TRUE,"no quant","Y",NA,NA,NA
"130","15",31125,"FAMP","none",0,6,"-",39900,1.05261e-08,1,0.00041999139,TRUE,TRUE,NA,TRUE,TRUE,"no quant","Y",NA,NA,NA
"131","15",14547,"FAMP","none",0,6,"-",39900,1.05261e-08,1,0.00041999139,TRUE,TRUE,NA,TRUE,TRUE,"no quant","Y",NA,NA,NA
"132","15",14337,"FAMP","none",0,6,"-",39900,1.05261e-08,1,0.00041999139,TRUE,TRUE,NA,TRUE,TRUE,"no quant","Y",NA,NA,NA
"133","16",34137,"FAMP","none",0,6,"-",39500,1.34888e-08,1,0.0005328076,TRUE,TRUE,NA,TRUE,TRUE,"no quant","Y",NA,NA,NA
"134","16",31174,"FAMP","none",0,6,"-",39500,1.34888e-08,1,0.0005328076,TRUE,TRUE,NA,TRUE,TRUE,"no quant","Y",NA,NA,NA
"135","16",38476,"FAMP","none",0,6,"-",39500,1.34888e-08,1,0.0005328076,TRUE,TRUE,NA,TRUE,TRUE,"no quant","Y",NA,NA,NA
"136","24",9001,"FAMP","none",0,6,"+",40200,1.17269e-08,1,0.00047142138,TRUE,TRUE,NA,TRUE,TRUE,"no quant","Y",NA,NA,NA
"137","24",16630,"FAMP","none",0,6,"+",40200,1.17269e-08,1,0.00047142138,TRUE,TRUE,NA,TRUE,TRUE,"no quant","Y",NA,NA,NA
"138","24",33574,"FAMP","none",0,6,"+",40200,1.17269e-08,1,0.00047142138,TRUE,TRUE,NA,TRUE,TRUE,"no quant","Y",NA,NA,NA
"139","27",8984,"FAMP","none",0,6,"-",41500,1.01239e-08,1,0.00042014185,TRUE,TRUE,NA,TRUE,TRUE,"no quant","Y",NA,NA,NA
"140","27",48971,"FAMP","none",0,6,"-",41500,1.01239e-08,1,0.00042014185,TRUE,TRUE,NA,TRUE,TRUE,"no quant","Y",NA,NA,NA
"141","27",17451,"FAMP","none",0,6,"-",41500,1.01239e-08,1,0.00042014185,TRUE,TRUE,NA,TRUE,TRUE,"no quant","Y",NA,NA,NA
"142","28",18684,"FAMP","none",0,6,"+",47400,1.08017e-08,1,0.00051200058,TRUE,TRUE,NA,TRUE,TRUE,"no quant","Y",NA,NA,NA
"143","28",142463,"FAMP","none",142463,6,"+",47400,1.08017e-08,1,0.00051200058,FALSE,FALSE,NA,TRUE,TRUE,"no quant","Y",NA,NA,NA
"144","28",34936,"FAMP","none",0,6,"+",47400,1.08017e-08,1,0.00051200058,TRUE,TRUE,NA,TRUE,TRUE,"no quant","Y",NA,NA,NA
"145","06",822759,"cHET","none",822759,6,"+",39700,1.17269e-08,1,0.00046555793,FALSE,FALSE,100.800983886328,FALSE,FALSE,"abs quant","Y",0.00253906760418963,216516.522200209,20.7244080604534
"146","06",794362,"cHET","none",794362,6,"+",39700,1.17269e-08,1,0.00046555793,FALSE,FALSE,97.3219024792334,FALSE,FALSE,"abs quant","Y",0.00245143331181948,209043.593091054,20.0091183879093
"147","06",789599,"cHET","none",789599,6,"+",39700,1.17269e-08,1,0.00046555793,FALSE,FALSE,96.7383596845018,FALSE,FALSE,"abs quant","Y",0.00243673450086906,207790.166273189,19.8891435768262
"148","15",1131889,"cHET","none",1131889,6,"-",39900,1.05261e-08,1,0.00041999139,FALSE,FALSE,138.674295693043,FALSE,FALSE,"abs quant","Y",0.003475546257971,330183.663272342,28.3681453634085
"149","15",1120805,"cHET","none",1120805,6,"-",39900,1.05261e-08,1,0.00041999139,FALSE,FALSE,137.316330474314,FALSE,FALSE,"abs quant","Y",0.00344151204196276,326950.346468565,28.090350877193
"150","15",1143501,"cHET","none",1143501,6,"-",39900,1.05261e-08,1,0.00041999139,FALSE,FALSE,140.096949258532,FALSE,FALSE,"abs quant","Y",0.0035112017358028,333571.00310683,28.6591729323308
"151","16",1427944,"cHET","none",1427944,6,"-",39500,1.34888e-08,1,0.0005328076,FALSE,FALSE,174.945713306788,FALSE,FALSE,"abs quant","Y",0.00442900540017184,328346.880387569,36.1504810126582
"152","16",1414110,"cHET","none",1414110,6,"-",39500,1.34888e-08,1,0.0005328076,FALSE,FALSE,173.25082961535,FALSE,FALSE,"abs quant","Y",0.00438609695228734,325165.837753347,35.800253164557
"153","16",1527511,"cHET","none",1527511,6,"-",39500,1.34888e-08,1,0.0005328076,FALSE,FALSE,187.144244787586,FALSE,FALSE,"abs quant","Y",0.0047378289819642,351241.695478041,38.671164556962
"154","24",1101844,"cHET","none",1101844,6,"+",40200,1.17269e-08,1,0.00047142138,FALSE,FALSE,134.993308233939,FALSE,FALSE,"abs quant","Y",0.00335804249338157,286353.809905565,27.4090547263682
"155","24",1075003,"cHET","none",1075003,6,"+",40200,1.17269e-08,1,0.00047142138,FALSE,FALSE,131.704861424493,FALSE,FALSE,"abs quant","Y",0.00327624033394262,279378.210263805,26.741368159204
"156","24",1120202,"cHET","none",1120202,6,"+",40200,1.17269e-08,1,0.00047142138,FALSE,FALSE,137.242453441935,FALSE,FALSE,"abs quant","Y",0.00341399137915261,291124.796762367,27.8657213930348
"157","27",1344675,"cHET","none",1344675,6,"-",41500,1.01239e-08,1,0.00042014185,FALSE,FALSE,164.743944468974,FALSE,FALSE,"abs quant","Y",0.00396973360166202,392115.054639222,32.4018072289157
"158","27",1315059,"cHET","none",1315059,6,"-",41500,1.01239e-08,1,0.00042014185,FALSE,FALSE,161.115516291613,FALSE,FALSE,"abs quant","Y",0.00388230159738826,383478.85670426,31.6881686746988
"159","27",1346284,"cHET","none",1346284,6,"-",41500,1.01239e-08,1,0.00042014185,FALSE,FALSE,164.941072404461,FALSE,FALSE,"abs quant","Y",0.00397448367239664,392584.248401964,32.440578313253
"160","28",1171843,"cHET","none",1171843,6,"+",47400,1.08017e-08,1,0.00051200058,FALSE,FALSE,143.569292296173,FALSE,FALSE,"abs quant","Y",0.003028888023126,280408.456365758,24.7224261603376
"161","28",1004764,"cHET","none",1004764,6,"+",47400,1.08017e-08,1,0.00051200058,FALSE,FALSE,123.099473568278,FALSE,FALSE,"abs quant","Y",0.00259703530734764,240428.386952761,21.197552742616
"162","28",1027852,"cHET","none",1027852,6,"+",47400,1.08017e-08,1,0.00051200058,FALSE,FALSE,125.928118549333,FALSE,FALSE,"abs quant","Y",0.00265671136180027,245953.077922944,21.684641350211
"163","06",93309,"B7","none",93309,6,"+",39700,1.17269e-08,1,0.00046555793,FALSE,FALSE,104.95013899979,FALSE,FALSE,"abs quant","Y",0.00264358032745062,225428.743099252,2.35035264483627
"164","06",89586,"B7","none",89586,6,"+",39700,1.17269e-08,1,0.00046555793,FALSE,FALSE,100.762661184185,FALSE,FALSE,"abs quant","Y",0.00253810229683086,216434.206553383,2.25657430730479
"165","06",98316,"B7","none",98316,6,"+",39700,1.17269e-08,1,0.00046555793,FALSE,FALSE,110.581807391605,FALSE,FALSE,"abs quant","Y",0.0027854359544485,237525.34382049,2.47647355163728
"166","15",313680,"B7","none",313680,6,"-",39900,1.05261e-08,1,0.00041999139,FALSE,FALSE,352.814408057679,FALSE,FALSE,"abs quant","Y",0.00884246636736038,840051.525955518,7.86165413533835
"167","15",296917,"B7","none",296917,6,"-",39900,1.05261e-08,1,0.00041999139,FALSE,FALSE,333.960072676811,FALSE,FALSE,"abs quant","Y",0.00836992663350403,795159.330949167,7.44152882205514
"168","15",286850,"B7","none",286850,6,"-",39900,1.05261e-08,1,0.00041999139,FALSE,FALSE,322.637123665345,FALSE,FALSE,"abs quant","Y",0.00808614345025926,768199.375861835,7.18922305764411
"169","16",141376,"B7","none",141376,6,"-",39500,1.34888e-08,1,0.0005328076,FALSE,FALSE,159.013930609419,FALSE,FALSE,"abs quant","Y",0.00402566912935237,298445.312359318,3.57913924050633
"170","16",184033,"B7","none",184033,6,"-",39500,1.34888e-08,1,0.0005328076,FALSE,FALSE,206.992775943888,FALSE,FALSE,"abs quant","Y",0.00524032344161742,388494.413262664,4.65906329113924
"171","16",152229,"B7","none",152229,6,"-",39500,1.34888e-08,1,0.0005328076,FALSE,FALSE,171.220940207257,FALSE,FALSE,"abs quant","Y",0.00433470734701917,321356.039604648,3.85389873417722
"172","24",56586,"B7","none",56586,6,"+",40200,1.17269e-08,1,0.00047142138,FALSE,FALSE,63.6456136647279,FALSE,FALSE,"abs quant","Y",0.00158322422051562,135007.906651853,1.40761194029851
"173","24",70817,"B7","none",70817,6,"+",40200,1.17269e-08,1,0.00047142138,FALSE,FALSE,79.65205921774,FALSE,FALSE,"abs quant","Y",0.00198139450790398,168961.490922919,1.76161691542289
"174","24",65157,"B7","none",65157,6,"+",40200,1.17269e-08,1,0.00047142138,FALSE,FALSE,73.2859231886451,FALSE,FALSE,"abs quant","Y",0.00182303291514043,155457.360013339,1.62082089552239
"175","27",78748,"B7","none",78748,6,"-",41500,1.01239e-08,1,0.00042014185,FALSE,FALSE,88.5725229715829,FALSE,FALSE,"abs quant","Y",0.00213427766196585,210815.758943278,1.8975421686747
"176","27",83095,"B7","none",83095,6,"-",41500,1.01239e-08,1,0.00042014185,FALSE,FALSE,93.4618504130096,FALSE,FALSE,"abs quant","Y",0.00225209278103638,222453.084388069,2.00228915662651
"177","27",76474,"B7","none",76474,6,"-",41500,1.01239e-08,1,0.00042014185,FALSE,FALSE,86.0148209697876,FALSE,FALSE,"abs quant","Y",0.00207264628842862,204728.048324126,1.84274698795181
"178","28",72053,"B7","none",72053,6,"+",47400,1.08017e-08,1,0.00051200058,FALSE,FALSE,81.042261361196,FALSE,FALSE,"abs quant","Y",0.00170975234939232,158285.487413307,1.52010548523207
"179","28",57697,"B7","none",57697,6,"+",47400,1.08017e-08,1,0.00051200058,FALSE,FALSE,64.8952209312163,FALSE,FALSE,"abs quant","Y",0.00136909748800034,126748.334799184,1.21723628691983
"180","28",67054,"B7","none",67054,6,"+",47400,1.08017e-08,1,0.00051200058,FALSE,FALSE,75.419591041506,FALSE,FALSE,"abs quant","Y",0.00159113061269,147303.721885444,1.41464135021097
"181","06",145019,"B1","B1",2.14610865286431,6,"+",39700,1.17269e-08,1,0.00046555793,FALSE,FALSE,113.958170172303,FALSE,FALSE,"abs quant","Y",0.00287048287587665,244777.637387259,5.4058152465096e-05
"182","06",156898,"B1","B1",2.14690548843065,6,"+",39700,1.17269e-08,1,0.00046555793,FALSE,FALSE,114.000482066879,FALSE,FALSE,"abs quant","Y",0.002871548666672,244868.52166148,5.40782238899407e-05
"183","06",142711,"B1","B1",2.00403021962591,6,"+",39700,1.17269e-08,1,0.00046555793,FALSE,FALSE,106.41381856122,FALSE,FALSE,"abs quant","Y",0.00268044883025743,228572.668843209,5.04793506202999e-05
"184","15",82620,"B1","B1",2.54544334216526,6,"-",39900,1.05261e-08,1,0.00041999139,FALSE,FALSE,135.162805090635,FALSE,FALSE,"abs quant","Y",0.00338753897470263,321822.79996415,6.37955724853449e-05
"185","15",90722,"B1","B1",2.5318709533378,6,"-",39900,1.05261e-08,1,0.00041999139,FALSE,FALSE,134.442112504274,FALSE,FALSE,"abs quant","Y",0.00336947650386652,320106.830057335,6.34554123643559e-05
"186","15",116360,"B1","B1",3.78258890839347,6,"-",39900,1.05261e-08,1,0.00041999139,FALSE,FALSE,200.855119771899,FALSE,FALSE,"abs quant","Y",0.00503396290155134,478236.279491107,9.48017270274053e-05
"187","16",206597,"B1","B1",5.73148199522832,6,"-",39500,1.34888e-08,1,0.0005328076,FALSE,FALSE,304.341161702131,FALSE,FALSE,"abs quant","Y",0.0077048395367628,571202.741293725,0.00014510081000578
"188","16",174857,"B1","B1",4.80059850647924,6,"-",39500,1.34888e-08,1,0.0005328076,FALSE,FALSE,254.911334894494,FALSE,FALSE,"abs quant","Y",0.0064534515163163,478430.365660125,0.000121534139404538
"189","16",207557,"B1","B1",8.03612358680502,6,"-",39500,1.34888e-08,1,0.0005328076,FALSE,FALSE,426.717416198165,FALSE,FALSE,"abs quant","Y",0.0108029725619789,800884.627393012,0.000203446166754557
"190","24",144166,"B1","B1",3.42404522135664,6,"+",40200,1.17269e-08,1,0.00047142138,FALSE,FALSE,181.816483285803,FALSE,FALSE,"abs quant","Y",0.00452279809168664,385677.21151256,8.5175254262603e-05
"191","24",147365,"B1","B1",3.6577889197776,6,"+",40200,1.17269e-08,1,0.00047142138,FALSE,FALSE,194.228251965738,FALSE,FALSE,"abs quant","Y",0.00483154855636164,412005.60730983,9.09897741238209e-05
"192","24",113489,"B1","B1",2.74068439228187,6,"+",40200,1.17269e-08,1,0.00047142138,FALSE,FALSE,145.530086721093,FALSE,FALSE,"abs quant","Y",0.00362015141097247,308704.893106658,6.81762286637281e-05
"193","27",138967,"B1","B1",3.19383604146078,6,"-",41500,1.01239e-08,1,0.00042014185,FALSE,FALSE,169.592397211323,FALSE,FALSE,"abs quant","Y",0.00408656378822466,403655.092229739,7.69599046135128e-05
"194","27",100707,"B1","B1",2.03116113027168,6,"-",41500,1.01239e-08,1,0.00042014185,FALSE,FALSE,107.854467397044,FALSE,FALSE,"abs quant","Y",0.00259890282884442,256709.650317015,4.89436416932934e-05
"195","27",140138,"B1","B1",3.13901084132246,6,"-",41500,1.01239e-08,1,0.00042014185,FALSE,FALSE,166.681184175229,FALSE,FALSE,"abs quant","Y",0.00401641407651154,396725.972847573,7.56388154535533e-05
"196","28",75752,"B1","B1",2.97732185669929,6,"+",47400,1.08017e-08,1,0.00051200058,FALSE,FALSE,158.095514106716,FALSE,FALSE,"abs quant","Y",0.00333534839887586,308779.951199891,6.28126973987192e-05
"197","28",84189,"B1","B1",3.47515066457525,6,"+",47400,1.08017e-08,1,0.00051200058,FALSE,FALSE,184.530177574889,FALSE,FALSE,"abs quant","Y",0.00389304172098923,360410.094798895,7.33154148644567e-05
"198","28",76013,"B1","B1",2.91527958886247,6,"+",47400,1.08017e-08,1,0.00051200058,FALSE,FALSE,154.801075446032,FALSE,FALSE,"abs quant","Y",0.00326584547354498,302345.507979761,6.15037887945669e-05
"199","06",2088,"TMP","none",0,6,"+",39700,1.17269e-08,1,0.00046555793,TRUE,TRUE,NA,TRUE,TRUE,"no quant","Y",NA,NA,NA
"200","06",1136,"TMP","none",0,6,"+",39700,1.17269e-08,1,0.00046555793,TRUE,TRUE,NA,TRUE,TRUE,"no quant","Y",NA,NA,NA
"201","06",2320,"TMP","none",0,6,"+",39700,1.17269e-08,1,0.00046555793,TRUE,TRUE,NA,TRUE,TRUE,"no quant","Y",NA,NA,NA
"202","15",496,"TMP","none",0,6,"-",39900,1.05261e-08,1,0.00041999139,TRUE,TRUE,NA,TRUE,TRUE,"no quant","Y",NA,NA,NA
"203","15",914,"TMP","none",0,6,"-",39900,1.05261e-08,1,0.00041999139,TRUE,TRUE,NA,TRUE,TRUE,"no quant","Y",NA,NA,NA
"204","15",1195,"TMP","none",0,6,"-",39900,1.05261e-08,1,0.00041999139,TRUE,TRUE,NA,TRUE,TRUE,"no quant","Y",NA,NA,NA
"205","16",1134,"TMP","none",0,6,"-",39500,1.34888e-08,1,0.0005328076,TRUE,TRUE,NA,TRUE,TRUE,"no quant","Y",NA,NA,NA
"206","16",1363,"TMP","none",0,6,"-",39500,1.34888e-08,1,0.0005328076,TRUE,TRUE,NA,TRUE,TRUE,"no quant","Y",NA,NA,NA
"207","16",3011,"TMP","none",3011,6,"-",39500,1.34888e-08,1,0.0005328076,FALSE,TRUE,NA,TRUE,TRUE,"no quant","Y",NA,NA,NA
"208","24",590,"TMP","none",0,6,"+",40200,1.17269e-08,1,0.00047142138,TRUE,TRUE,NA,TRUE,TRUE,"no quant","Y",NA,NA,NA
"209","24",2339,"TMP","none",0,6,"+",40200,1.17269e-08,1,0.00047142138,TRUE,TRUE,NA,TRUE,TRUE,"no quant","Y",NA,NA,NA
"210","24",1691,"TMP","none",0,6,"+",40200,1.17269e-08,1,0.00047142138,TRUE,TRUE,NA,TRUE,TRUE,"no quant","Y",NA,NA,NA
"211","27",1815,"TMP","none",0,6,"-",41500,1.01239e-08,1,0.00042014185,TRUE,TRUE,NA,TRUE,TRUE,"no quant","Y",NA,NA,NA
"212","27",1980,"TMP","none",0,6,"-",41500,1.01239e-08,1,0.00042014185,TRUE,TRUE,NA,TRUE,TRUE,"no quant","Y",NA,NA,NA
"213","27",1143,"TMP","none",0,6,"-",41500,1.01239e-08,1,0.00042014185,TRUE,TRUE,NA,TRUE,TRUE,"no quant","Y",NA,NA,NA
"214","28",917,"TMP","none",0,6,"+",47400,1.08017e-08,1,0.00051200058,TRUE,TRUE,NA,TRUE,TRUE,"no quant","Y",NA,NA,NA
"215","28",2805,"TMP","none",2805,6,"+",47400,1.08017e-08,1,0.00051200058,FALSE,TRUE,NA,TRUE,TRUE,"no quant","Y",NA,NA,NA
"216","28",22,"TMP","none",0,6,"+",47400,1.08017e-08,1,0.00051200058,TRUE,TRUE,NA,TRUE,TRUE,"no quant","Y",NA,NA,NA
"217","06",13591,"SAH","none",13591,6,"+",39700,1.17269e-08,1,0.00046555793,FALSE,FALSE,160.941512811556,FALSE,FALSE,"abs quant","Y",0.00405394238820042,345695.997083664,0.342342569269521
"218","06",13129,"SAH","none",13129,6,"+",39700,1.17269e-08,1,0.00046555793,FALSE,FALSE,155.470614502459,FALSE,FALSE,"abs quant","Y",0.00391613638545238,333944.724134458,0.330705289672544
"219","06",12780,"SAH","none",12780,6,"+",39700,1.17269e-08,1,0.00046555793,FALSE,FALSE,151.337836342557,FALSE,FALSE,"abs quant","Y",0.00381203617991327,325067.680283219,0.32191435768262
"220","15",20995,"SAH","none",20995,6,"-",39900,1.05261e-08,1,0.00041999139,FALSE,FALSE,248.617987011892,FALSE,FALSE,"abs quant","Y",0.00623102724340582,591959.723297881,0.526190476190476
"221","15",16805,"SAH","none",16805,6,"-",39900,1.05261e-08,1,0.00041999139,FALSE,FALSE,199.0009655506,FALSE,FALSE,"abs quant","Y",0.00498749287094236,473821.536081014,0.421177944862155
"222","15",18927,"SAH","none",18927,6,"-",39900,1.05261e-08,1,0.00041999139,FALSE,FALSE,224.129204104505,FALSE,FALSE,"abs quant","Y",0.0056172732858272,533651.902017575,0.474360902255639
"223","16",117288,"SAH","none",117288,6,"-",39500,1.34888e-08,1,0.0005328076,FALSE,FALSE,1388.89766423676,FALSE,FALSE,"abs quant","Y",0.0351619661832092,2606752.72694451,2.9693164556962
"224","16",78540,"SAH","none",78540,6,"-",39500,1.34888e-08,1,0.0005328076,FALSE,FALSE,930.052712546512,FALSE,FALSE,"abs quant","Y",0.0235456382923168,1745569.53119008,1.98835443037975
"225","16",133461,"SAH","none",133461,6,"-",39500,1.34888e-08,1,0.0005328076,FALSE,FALSE,1580.41463036886,FALSE,FALSE,"abs quant","Y",0.0400104969713635,2966201.36493709,3.37875949367089
"226","24",9372,"SAH","none",9372,6,"+",40200,1.17269e-08,1,0.00047142138,FALSE,FALSE,110.981079984542,FALSE,FALSE,"abs quant","Y",0.00276072338270004,235418.003283054,0.233134328358209
"227","24",12450,"SAH","none",12450,6,"+",40200,1.17269e-08,1,0.00047142138,FALSE,FALSE,147.430051836059,FALSE,FALSE,"abs quant","Y",0.00366741422477759,312735.183618654,0.309701492537313
"228","24",18693,"SAH","none",18693,6,"+",40200,1.17269e-08,1,0.00047142138,FALSE,FALSE,221.358229636261,FALSE,FALSE,"abs quant","Y",0.00550642362279257,469554.922681405,0.465
"229","27",47806,"SAH","none",47806,6,"-",41500,1.01239e-08,1,0.00042014185,FALSE,FALSE,566.107715508003,FALSE,FALSE,"abs quant","Y",0.0136411497712772,1347420.43790211,1.15195180722892
"230","27",48351,"SAH","none",48351,6,"-",41500,1.01239e-08,1,0.00042014185,FALSE,FALSE,572.56148082934,FALSE,FALSE,"abs quant","Y",0.0137966621886588,1362781.35784222,1.1650843373494
"231","27",45212,"SAH","none",45212,6,"-",41500,1.01239e-08,1,0.00042014185,FALSE,FALSE,535.390160932683,FALSE,FALSE,"abs quant","Y",0.0129009677333177,1274308.09602205,1.08944578313253
"232","28",12182,"SAH","none",12182,6,"+",47400,1.08017e-08,1,0.00051200058,FALSE,FALSE,144.256457145933,FALSE,FALSE,"abs quant","Y",0.00304338517185514,281750.573692579,0.257004219409283
"233","28",12207,"SAH","none",12207,6,"+",47400,1.08017e-08,1,0.00051200058,FALSE,FALSE,144.552501426729,FALSE,FALSE,"abs quant","Y",0.00304963083178753,282328.784523503,0.25753164556962
"234","28",17626,"SAH","none",17626,6,"+",47400,1.08017e-08,1,0.00051200058,FALSE,FALSE,208.723059731918,FALSE,FALSE,"abs quant","Y",0.00440344007873244,407661.76423456,0.371856540084388
"235","06",39212,"SAM","none",39212,6,"+",39700,1.17269e-08,1,0.00046555793,FALSE,FALSE,273.804107558842,FALSE,FALSE,"abs quant","Y",0.00689682890576429,588120.381836998,0.987707808564232
"236","06",39398,"SAM","none",39398,6,"+",39700,1.17269e-08,1,0.00046555793,FALSE,FALSE,275.102882525841,FALSE,FALSE,"abs quant","Y",0.00692954364044939,590910.099041468,0.992392947103275
"237","06",43240,"SAM","none",43240,6,"+",39700,1.17269e-08,1,0.00046555793,FALSE,FALSE,301.930266521584,FALSE,FALSE,"abs quant","Y",0.0076052963859341,648534.257641329,1.08916876574307
"238","15",39994,"SAM","none",39994,6,"-",39900,1.05261e-08,1,0.00041999139,FALSE,FALSE,279.264548549126,FALSE,FALSE,"abs quant","Y",0.0069991114924593,664929.222832702,1.00235588972431
"239","15",39904,"SAM","none",39904,6,"-",39900,1.05261e-08,1,0.00041999139,FALSE,FALSE,278.636109048966,FALSE,FALSE,"abs quant","Y",0.00698336112904676,663432.907634049,1.00010025062657
"240","15",42210,"SAM","none",42210,6,"-",39900,1.05261e-08,1,0.00041999139,FALSE,FALSE,294.738125575302,FALSE,FALSE,"abs quant","Y",0.00738692044048375,701771.828168434,1.05789473684211
"241","16",93471,"SAM","none",93471,6,"-",39500,1.34888e-08,1,0.0005328076,FALSE,FALSE,652.676316883417,FALSE,FALSE,"abs quant","Y",0.0165234510603397,1224975.61386778,2.36635443037975
"242","16",70797,"SAM","none",70797,6,"-",39500,1.34888e-08,1,0.0005328076,FALSE,FALSE,494.351458809634,FALSE,FALSE,"abs quant","Y",0.0125152268053072,927823.587369312,1.79232911392405
"243","16",85433,"SAM","none",85433,6,"-",39500,1.34888e-08,1,0.0005328076,FALSE,FALSE,596.549686857966,FALSE,FALSE,"abs quant","Y",0.0151025237179232,1119634.34241172,2.16286075949367
"244","24",36652,"SAM","none",36652,6,"+",40200,1.17269e-08,1,0.00047142138,FALSE,FALSE,255.928495109831,FALSE,FALSE,"abs quant","Y",0.00636638047536893,542886.907483557,0.911741293532338
"245","24",39113,"SAM","none",39113,6,"+",40200,1.17269e-08,1,0.00047142138,FALSE,FALSE,273.112824108666,FALSE,FALSE,"abs quant","Y",0.00679385134598671,579339.07051196,0.972960199004975
"246","24",39134,"SAM","none",39134,6,"+",40200,1.17269e-08,1,0.00047142138,FALSE,FALSE,273.259459992036,FALSE,FALSE,"abs quant","Y",0.00679749900477703,579650.121070106,0.973482587064677
"247","27",67442,"SAM","none",67442,6,"-",41500,1.01239e-08,1,0.00042014185,FALSE,FALSE,470.924630775871,FALSE,FALSE,"abs quant","Y",0.0113475814644788,1120870.56020692,1.62510843373494
"248","27",75543,"SAM","none",75543,6,"-",41500,1.01239e-08,1,0.00042014185,FALSE,FALSE,527.491168451434,FALSE,FALSE,"abs quant","Y",0.0127106305650948,1255507.32080471,1.82031325301205
"249","27",67330,"SAM","none",67330,6,"-",41500,1.01239e-08,1,0.00042014185,FALSE,FALSE,470.142572731226,FALSE,FALSE,"abs quant","Y",0.0113287366923187,1119009.145914,1.62240963855422
"250","28",56938,"SAM","none",56938,6,"+",47400,1.08017e-08,1,0.00051200058,FALSE,FALSE,397.578758446021,FALSE,FALSE,"abs quant","Y",0.00838773751995824,776520.132938171,1.20122362869198
"251","28",55092,"SAM","none",55092,6,"+",47400,1.08017e-08,1,0.00051200058,FALSE,FALSE,384.688766031616,FALSE,FALSE,"abs quant","Y",0.00811579675172186,751344.395023178,1.16227848101266
"252","28",58173,"SAM","none",58173,6,"+",47400,1.08017e-08,1,0.00051200058,FALSE,FALSE,406.202344920446,FALSE,FALSE,"abs quant","Y",0.00856966972406004,793363.056191159,1.22727848101266
"253","06",254157,"B12-OH","B12-CN",1.24886737752445,6,"+",39700,1.17269e-08,1,0.00046555793,FALSE,FALSE,4.62361810855289,FALSE,FALSE,"abs quant","Y",0.000116463932205362,9931.34862626631,3.14576165623286e-05
"254","06",249181,"B12-OH","B12-CN",1.23501219246248,6,"+",39700,1.17269e-08,1,0.00046555793,FALSE,FALSE,4.57232276230336,FALSE,FALSE,"abs quant","Y",0.000115171857992528,9821.16825354765,3.11086194574932e-05
"255","06",252668,"B12-OH","B12-CN",1.35732089905024,6,"+",39700,1.17269e-08,1,0.00046555793,FALSE,FALSE,5.02514005963225,FALSE,FALSE,"abs quant","Y",0.00012657783525522,10793.801879032,3.41894433010136e-05
"256","15",2396,"B12-OH","B12-CN",0,6,"-",39900,1.05261e-08,1,0.00041999139,TRUE,TRUE,2.81470949232877e-15,FALSE,FALSE,"abs quant","Y",7.05440975520995e-20,6.70182665489588e-12,0
"257","15",1451,"B12-OH","B12-CN",0,6,"-",39900,1.05261e-08,1,0.00041999139,TRUE,TRUE,2.81470949232877e-15,FALSE,FALSE,"abs quant","Y",7.05440975520995e-20,6.70182665489588e-12,0
"258","15",1169,"B12-OH","B12-CN",0,6,"-",39900,1.05261e-08,1,0.00041999139,TRUE,TRUE,2.81470949232877e-15,FALSE,FALSE,"abs quant","Y",7.05440975520995e-20,6.70182665489588e-12,0
"259","16",1675,"B12-OH","B12-CN",0,6,"-",39500,1.34888e-08,1,0.0005328076,TRUE,TRUE,2.81470949232877e-15,FALSE,FALSE,"abs quant","Y",7.12584681602221e-20,5.2827878061964e-12,0
"260","16",2798,"B12-OH","B12-CN",0,6,"-",39500,1.34888e-08,1,0.0005328076,TRUE,TRUE,2.81470949232877e-15,FALSE,FALSE,"abs quant","Y",7.12584681602221e-20,5.2827878061964e-12,0
"261","16",4090,"B12-OH","B12-CN",0,6,"-",39500,1.34888e-08,1,0.0005328076,TRUE,TRUE,2.81470949232877e-15,FALSE,FALSE,"abs quant","Y",7.12584681602221e-20,5.2827878061964e-12,0
"262","24",200379,"B12-OH","B12-CN",2.37598861682575,6,"+",40200,1.17269e-08,1,0.00047142138,FALSE,FALSE,8.79650168799132,FALSE,FALSE,"abs quant","Y",0.000218818449950033,18659.5306474885,5.91041944484019e-05
"263","24",192489,"B12-OH","B12-CN",2.41171974841507,6,"+",40200,1.17269e-08,1,0.00047142138,FALSE,FALSE,8.92878723730473,FALSE,FALSE,"abs quant","Y",0.000222109135256337,18940.1406387312,5.99930285675389e-05
"264","24",194186,"B12-OH","B12-CN",2.68123826355904,6,"+",40200,1.17269e-08,1,0.00047142138,FALSE,FALSE,9.9266119139971,FALSE,FALSE,"abs quant","Y",0.000246930644626793,21056.7707260055,6.66974692427622e-05
"265","27",1456,"B12-OH","B12-CN",0,6,"-",41500,1.01239e-08,1,0.00042014185,TRUE,TRUE,2.81470949232877e-15,FALSE,FALSE,"abs quant","Y",6.7824325116356e-20,6.69942661586503e-12,0
"266","27",491,"B12-OH","B12-CN",0,6,"-",41500,1.01239e-08,1,0.00042014185,TRUE,TRUE,2.81470949232877e-15,FALSE,FALSE,"abs quant","Y",6.7824325116356e-20,6.69942661586503e-12,0
"267","27",1607,"B12-OH","B12-CN",0,6,"-",41500,1.01239e-08,1,0.00042014185,TRUE,TRUE,2.81470949232877e-15,FALSE,FALSE,"abs quant","Y",6.7824325116356e-20,6.69942661586503e-12,0
"268","28",213361,"B12-OH","B12-CN",2.82010917694331,6,"+",47400,1.08017e-08,1,0.00051200058,FALSE,FALSE,10.4407466263214,FALSE,FALSE,"abs quant","Y",0.000220268916167119,20392.0601541534,5.94959741971162e-05
"269","28",124673,"B12-OH","B12-CN",2.26377716848546,6,"+",47400,1.08017e-08,1,0.00051200058,FALSE,FALSE,8.38106695579298,FALSE,FALSE,"abs quant","Y",0.000176815758561033,16369.2528547389,4.77590119933642e-05
"270","28",162805,"B12-OH","B12-CN",2.11278663846244,6,"+",47400,1.08017e-08,1,0.00051200058,FALSE,FALSE,7.82206240382981,FALSE,FALSE,"abs quant","Y",0.000165022413582907,15277.4483259957,4.45735577734691e-05
"271","06",6977,"B12-Me","B7",0.00556351191007795,6,"+",39700,1.17269e-08,1,0.00046555793,FALSE,TRUE,0.918258536265759,FALSE,FALSE,"abs quant","Y",2.3129937941203e-05,1972.3829777011,1.40138839044785e-07
"272","06",4467,"B12-Me","B7",0,6,"+",39700,1.17269e-08,1,0.00046555793,TRUE,TRUE,7.7429901126904e-16,FALSE,FALSE,"abs quant","Y",1.95037534324695e-20,1.6631636180465e-12,0
"273","06",5395,"B12-Me","B7",0.0041753798860458,6,"+",39700,1.17269e-08,1,0.00046555793,FALSE,TRUE,0.689147122264394,FALSE,FALSE,"abs quant","Y",1.73588695784482e-05,1480.26073203048,1.05173296877728e-07
"274","15",468,"B12-Me","B7",0,6,"-",39900,1.05261e-08,1,0.00041999139,TRUE,TRUE,7.7429901126904e-16,FALSE,FALSE,"abs quant","Y",1.94059902573694e-20,1.8436068683909e-12,0
"275","15",506,"B12-Me","B7",0,6,"-",39900,1.05261e-08,1,0.00041999139,TRUE,TRUE,7.7429901126904e-16,FALSE,FALSE,"abs quant","Y",1.94059902573694e-20,1.8436068683909e-12,0
"276","15",509,"B12-Me","B7",0,6,"-",39900,1.05261e-08,1,0.00041999139,TRUE,TRUE,7.7429901126904e-16,FALSE,FALSE,"abs quant","Y",1.94059902573694e-20,1.8436068683909e-12,0
"277","16",1514,"B12-Me","B7",0,6,"-",39500,1.34888e-08,1,0.0005328076,TRUE,TRUE,7.7429901126904e-16,FALSE,FALSE,"abs quant","Y",1.96025066144061e-20,1.45324318059472e-12,0
"278","16",2897,"B12-Me","B7",0.00389209087367162,6,"-",39500,1.34888e-08,1,0.0005328076,FALSE,TRUE,0.642390225173608,FALSE,FALSE,"abs quant","Y",1.62630436752812e-05,1205.67016156227,9.85339461689019e-08
"279","16",2195,"B12-Me","B7",0,6,"-",39500,1.34888e-08,1,0.0005328076,TRUE,TRUE,7.7429901126904e-16,FALSE,FALSE,"abs quant","Y",1.96025066144061e-20,1.45324318059472e-12,0
"280","24",4739,"B12-Me","B7",0.00769419355467196,6,"+",40200,1.17269e-08,1,0.00047142138,FALSE,FALSE,1.26992788466225,FALSE,FALSE,"abs quant","Y",3.15902458871206e-05,2693.8275151251,1.91397849618706e-07
"281","24",5741,"B12-Me","B7",0.00924198349289344,6,"+",40200,1.17269e-08,1,0.00047142138,FALSE,FALSE,1.52539086309923,FALSE,FALSE,"abs quant","Y",3.79450463457519e-05,3235.72694793611,2.29900086887897e-07
"282","24",6058,"B12-Me","B7",0.00960092300719039,6,"+",40200,1.17269e-08,1,0.00047142138,FALSE,FALSE,1.58463388770913,FALSE,FALSE,"abs quant","Y",3.94187534256003e-05,3361.39588685845,2.38828930527124e-07
"283","27",807,"B12-Me","B7",0,6,"-",41500,1.01239e-08,1,0.00042014185,TRUE,TRUE,7.7429901126904e-16,FALSE,FALSE,"abs quant","Y",1.86578075004588e-20,1.84294664116188e-12,0
"284","27",430,"B12-Me","B7",0,6,"-",41500,1.01239e-08,1,0.00042014185,TRUE,TRUE,7.7429901126904e-16,FALSE,FALSE,"abs quant","Y",1.86578075004588e-20,1.84294664116188e-12,0
"285","27",284,"B12-Me","B7",0,6,"-",41500,1.01239e-08,1,0.00042014185,TRUE,TRUE,7.7429901126904e-16,FALSE,FALSE,"abs quant","Y",1.86578075004588e-20,1.84294664116188e-12,0
"286","28",9381,"B12-Me","B7",0.0141601068687311,6,"+",47400,1.08017e-08,1,0.00051200058,FALSE,FALSE,2.33712791790636,FALSE,FALSE,"abs quant","Y",4.9306496158362e-05,4564.69779371414,2.9873643182977e-07
"287","28",9172,"B12-Me","B7",0.0169067877840532,6,"+",47400,1.08017e-08,1,0.00051200058,FALSE,FALSE,2.79046804508826,FALSE,FALSE,"abs quant","Y",5.88706338626216e-05,5450.12672659133,3.56683286583401e-07
"288","28",6855,"B12-Me","B7",0.0108623312416809,6,"+",47400,1.08017e-08,1,0.00051200058,FALSE,FALSE,1.79282951984909,FALSE,FALSE,"abs quant","Y",3.7823407591753e-05,3501.61618928066,2.29163106364577e-07
"289","06",3917,"B12-CN","B12-CN",0,6,"+",39700,1.17269e-08,1,0.00046555793,TRUE,TRUE,NA,TRUE,TRUE,"no quant","Y",NA,NA,NA
"290","06",3124,"B12-CN","B12-CN",0,6,"+",39700,1.17269e-08,1,0.00046555793,TRUE,TRUE,NA,TRUE,TRUE,"no quant","Y",NA,NA,NA
"291","06",3231,"B12-CN","B12-CN",0,6,"+",39700,1.17269e-08,1,0.00046555793,TRUE,TRUE,NA,TRUE,TRUE,"no quant","Y",NA,NA,NA
"292","15",682,"B12-CN","B12-CN",0,6,"-",39900,1.05261e-08,1,0.00041999139,TRUE,TRUE,NA,TRUE,TRUE,"no quant","Y",NA,NA,NA
"293","15",330,"B12-CN","B12-CN",0,6,"-",39900,1.05261e-08,1,0.00041999139,TRUE,TRUE,NA,TRUE,TRUE,"no quant","Y",NA,NA,NA
"294","15",1161,"B12-CN","B12-CN",0,6,"-",39900,1.05261e-08,1,0.00041999139,TRUE,TRUE,NA,TRUE,TRUE,"no quant","Y",NA,NA,NA
"295","16",934,"B12-CN","B12-CN",0,6,"-",39500,1.34888e-08,1,0.0005328076,TRUE,TRUE,NA,TRUE,TRUE,"no quant","Y",NA,NA,NA
"296","16",287,"B12-CN","B12-CN",0,6,"-",39500,1.34888e-08,1,0.0005328076,TRUE,TRUE,NA,TRUE,TRUE,"no quant","Y",NA,NA,NA
"297","16",1480,"B12-CN","B12-CN",0,6,"-",39500,1.34888e-08,1,0.0005328076,TRUE,TRUE,NA,TRUE,TRUE,"no quant","Y",NA,NA,NA
"298","24",3702,"B12-CN","B12-CN",0,6,"+",40200,1.17269e-08,1,0.00047142138,TRUE,TRUE,NA,TRUE,TRUE,"no quant","Y",NA,NA,NA
"299","24",3221,"B12-CN","B12-CN",0,6,"+",40200,1.17269e-08,1,0.00047142138,TRUE,TRUE,NA,TRUE,TRUE,"no quant","Y",NA,NA,NA
"300","24",4738,"B12-CN","B12-CN",0.065420302662101,6,"+",40200,1.17269e-08,1,0.00047142138,FALSE,TRUE,NA,TRUE,TRUE,"no quant","Y",NA,NA,NA
"301","27",397,"B12-CN","B12-CN",0,6,"-",41500,1.01239e-08,1,0.00042014185,TRUE,TRUE,NA,TRUE,TRUE,"no quant","Y",NA,NA,NA
"302","27",490,"B12-CN","B12-CN",0,6,"-",41500,1.01239e-08,1,0.00042014185,TRUE,TRUE,NA,TRUE,TRUE,"no quant","Y",NA,NA,NA
"303","27",665,"B12-CN","B12-CN",0,6,"-",41500,1.01239e-08,1,0.00042014185,TRUE,TRUE,NA,TRUE,TRUE,"no quant","Y",NA,NA,NA
"304","28",3186,"B12-CN","B12-CN",0,6,"+",47400,1.08017e-08,1,0.00051200058,TRUE,TRUE,NA,TRUE,TRUE,"no quant","Y",NA,NA,NA
"305","28",2964,"B12-CN","B12-CN",0.0538194759682603,6,"+",47400,1.08017e-08,1,0.00051200058,FALSE,TRUE,NA,TRUE,TRUE,"no quant","Y",NA,NA,NA
"306","28",4333,"B12-CN","B12-CN",0.0562311016520238,6,"+",47400,1.08017e-08,1,0.00051200058,FALSE,TRUE,NA,TRUE,TRUE,"no quant","Y",NA,NA,NA
"307","06",1947,"B12-Ado","B12-CN",0.00956709743992924,6,"+",39700,1.17269e-08,1,0.00046555793,FALSE,TRUE,NA,FALSE,TRUE,"rel quant","Y",NA,NA,2.40984822164465e-07
"308","06",2229,"B12-Ado","B12-CN",0.0110475605162467,6,"+",39700,1.17269e-08,1,0.00046555793,FALSE,TRUE,NA,FALSE,TRUE,"rel quant","Y",NA,NA,2.78276083532663e-07
"309","06",4620,"B12-Ado","B12-CN",0.0248184279513516,6,"+",39700,1.17269e-08,1,0.00046555793,FALSE,FALSE,NA,FALSE,TRUE,"rel quant","Y",NA,NA,6.25149318673843e-07
"310","15",299,"B12-Ado","B12-CN",0,6,"-",39900,1.05261e-08,1,0.00041999139,TRUE,TRUE,NA,FALSE,TRUE,"rel quant","Y",NA,NA,0
"311","15",224,"B12-Ado","B12-CN",0,6,"-",39900,1.05261e-08,1,0.00041999139,TRUE,TRUE,NA,FALSE,TRUE,"rel quant","Y",NA,NA,0
"312","15",990,"B12-Ado","B12-CN",0.0124296906388108,6,"-",39900,1.05261e-08,1,0.00041999139,FALSE,TRUE,NA,FALSE,TRUE,"rel quant","Y",NA,NA,3.11521068641874e-07
"313","16",591,"B12-Ado","B12-CN",0,6,"-",39500,1.34888e-08,1,0.0005328076,TRUE,TRUE,NA,FALSE,TRUE,"rel quant","Y",NA,NA,0
"314","16",1710,"B12-Ado","B12-CN",0.0195301346551389,6,"-",39500,1.34888e-08,1,0.0005328076,FALSE,FALSE,NA,FALSE,TRUE,"rel quant","Y",NA,NA,4.94433788737695e-07
"315","16",947,"B12-Ado","B12-CN",0.0101849860184986,6,"-",39500,1.34888e-08,1,0.0005328076,FALSE,TRUE,NA,FALSE,TRUE,"rel quant","Y",NA,NA,2.57847747303762e-07
"316","24",624,"B12-Ado","B12-CN",0,6,"+",40200,1.17269e-08,1,0.00047142138,TRUE,TRUE,NA,FALSE,TRUE,"rel quant","Y",NA,NA,0
"317","24",594,"B12-Ado","B12-CN",0,6,"+",40200,1.17269e-08,1,0.00047142138,TRUE,TRUE,NA,FALSE,TRUE,"rel quant","Y",NA,NA,0
"318","24",1413,"B12-Ado","B12-CN",0.0195101071468022,6,"+",40200,1.17269e-08,1,0.00047142138,FALSE,FALSE,NA,FALSE,TRUE,"rel quant","Y",NA,NA,4.85326048427915e-07
"319","27",58,"B12-Ado","B12-CN",0,6,"-",41500,1.01239e-08,1,0.00042014185,TRUE,TRUE,NA,FALSE,TRUE,"rel quant","Y",NA,NA,0
"320","27",231,"B12-Ado","B12-CN",0,6,"-",41500,1.01239e-08,1,0.00042014185,TRUE,TRUE,NA,FALSE,TRUE,"rel quant","Y",NA,NA,0
"321","27",522,"B12-Ado","B12-CN",0,6,"-",41500,1.01239e-08,1,0.00042014185,TRUE,TRUE,NA,FALSE,TRUE,"rel quant","Y",NA,NA,0
"322","28",2021,"B12-Ado","B12-CN",0.0267126637323711,6,"+",47400,1.08017e-08,1,0.00051200058,FALSE,FALSE,NA,FALSE,TRUE,"rel quant","Y",NA,NA,5.63558306590107e-07
"323","28",824,"B12-Ado","B12-CN",0.0149619595809199,6,"+",47400,1.08017e-08,1,0.00051200058,FALSE,TRUE,NA,FALSE,TRUE,"rel quant","Y",NA,NA,3.15653155715609e-07
"324","28",1106,"B12-Ado","B12-CN",0.0143530114071402,6,"+",47400,1.08017e-08,1,0.00051200058,FALSE,TRUE,NA,FALSE,TRUE,"rel quant","Y",NA,NA,3.02806147829961e-07
